id;Dataset;k;normalize;meka;weka;Accuracy;Jaccard index;Hamming score;Exact match;Jaccard distance;Hamming loss;ZeroOne loss;Harmonic score;One error;Rank loss;Avg precision;Log Loss (lim. L);Log Loss (lim. D);Micro Precision;Micro Recall;Macro Precision;Macro Recall;F1 (micro averaged);F1 (macro averaged by label);AUPRC (macro averaged);AUROC (macro averaged);Build Time;Test Time;Total Time;Accuracy (per label);Harmonic (per label);Precision (per label);Recall (per label);avg. relevance (test set);avg. relevance (predicted);avg. relevance (difference);Model Size
1;emotions;0;False;meka.classifiers.multilabel.FW;weka.classifiers.bayes.NaiveBayes --;0.503;0.503;0.764;0.245;0.497;0.236;0.755;0.646;0.318;0.211;0.699;0.208;0.612;0.636;0.623;0.632;0.627;0.629;0.624;0.588;0.768;1.46;0.773;2.233;['0.760', '0.656', '0.714', '0.865', '0.781', '0.807'];['0.689', '0.533', '0.672', '0.833', '0.689', '0.818'];['0.607', '0.411', '0.754', '0.722', '0.640', '0.659'];['0.586', '0.411', '0.557', '0.780', '0.571', '0.857'];['0.302', '0.292', '0.458', '0.260', '0.292', '0.328'];['0.292', '0.292', '0.339', '0.281', '0.260', '0.427'];['0.010', '0.000', '0.120', '-0.021', '0.031', '-0.099'];345423
2;emotions;0;False;meka.classifiers.multilabel.CDT -H 0 -X I -I 783 -Ic 44;weka.classifiers.trees.RandomTree -- -M 3 -K 17 -depth 0 -N 4;0.398;0.398;0.716;0.141;0.602;0.284;0.859;0.542;0.432;0.309;0.659;0.518;0.802;0.563;0.534;0.554;0.517;0.548;0.531;0.482;0.684;1.32;1.617;2.937;['0.708', '0.641', '0.672', '0.828', '0.755', '0.693'];['0.525', '0.419', '0.673', '0.710', '0.667', '0.657'];['0.524', '0.356', '0.624', '0.707', '0.585', '0.529'];['0.379', '0.286', '0.716', '0.580', '0.554', '0.587'];['0.302', '0.292', '0.458', '0.260', '0.292', '0.328'];['0.219', '0.234', '0.526', '0.214', '0.276', '0.365'];['0.083', '0.057', '-0.068', '0.047', '0.016', '-0.036'];48724
3;emotions;1;False;meka.classifiers.multilabel.FW;weka.classifiers.bayes.NaiveBayes --;0.5;0.5;0.74;0.248;0.5;0.26;0.752;0.64;0.361;0.241;0.668;0.248;0.736;0.558;0.696;0.546;0.69;0.619;0.606;0.533;0.75;1.119;0.964;2.083;['0.752', '0.683', '0.743', '0.832', '0.693', '0.738'];['0.758', '0.501', '0.742', '0.826', '0.676', '0.754'];['0.543', '0.408', '0.691', '0.615', '0.462', '0.554'];['0.772', '0.364', '0.739', '0.816', '0.643', '0.810'];['0.282', '0.272', '0.436', '0.243', '0.277', '0.312'];['0.401', '0.243', '0.465', '0.322', '0.386', '0.455'];['-0.119', '0.030', '-0.030', '-0.079', '-0.109', '-0.144'];345423
4;emotions;1;False;meka.classifiers.multilabel.CDT -H 0 -X I -I 783 -Ic 44;weka.classifiers.trees.RandomTree -- -M 3 -K 17 -depth 0 -N 4;0.402;0.402;0.716;0.144;0.598;0.284;0.856;0.546;0.441;0.281;0.664;0.509;0.755;0.531;0.56;0.534;0.542;0.545;0.533;0.496;0.699;1.205;1.497;2.702;['0.718', '0.673', '0.624', '0.842', '0.683', '0.757'];['0.653', '0.482', '0.624', '0.693', '0.553', '0.720'];['0.500', '0.388', '0.553', '0.730', '0.429', '0.603'];['0.561', '0.345', '0.716', '0.551', '0.429', '0.651'];['0.282', '0.272', '0.436', '0.243', '0.277', '0.312'];['0.317', '0.243', '0.564', '0.183', '0.277', '0.337'];['-0.035', '0.030', '-0.129', '0.059', '0.000', '-0.025'];48096
5;emotions;2;False;meka.classifiers.multilabel.FW;weka.classifiers.bayes.NaiveBayes --;0.586;0.586;0.812;0.322;0.414;0.188;0.678;0.722;0.236;0.161;0.738;0.183;0.541;0.686;0.721;0.673;0.709;0.703;0.668;0.634;0.831;0.787;0.485;1.272;['0.834', '0.744', '0.789', '0.859', '0.799', '0.844'];['0.770', '0.354', '0.792', '0.883', '0.753', '0.858'];['0.736', '0.600', '0.725', '0.648', '0.633', '0.695'];['0.672', '0.218', '0.841', '0.939', '0.679', '0.905'];['0.291', '0.276', '0.442', '0.246', '0.281', '0.317'];['0.266', '0.101', '0.513', '0.357', '0.302', '0.412'];['0.025', '0.176', '-0.070', '-0.111', '-0.020', '-0.095'];345423
6;emotions;0;False;meka.classifiers.multilabel.RAkEL -N 1 -P 4 -k 2 -M 12;weka.classifiers.functions.Logistic -- -R 1e-08;0.479;0.479;0.702;0.125;0.521;0.298;0.875;0.656;0.354;0.27;0.688;0.334;0.981;0.527;0.73;0.53;0.726;0.612;0.61;0.574;0.751;8.716;0.06;8.776;['0.698', '0.630', '0.755', '0.833', '0.604', '0.693'];['0.684', '0.634', '0.756', '0.829', '0.622', '0.709'];['0.500', '0.414', '0.711', '0.641', '0.396', '0.521'];['0.655', '0.643', '0.784', '0.820', '0.679', '0.778'];['0.302', '0.292', '0.458', '0.260', '0.292', '0.328'];['0.396', '0.453', '0.505', '0.333', '0.500', '0.490'];['-0.094', '-0.161', '-0.047', '-0.073', '-0.208', '-0.161'];236445
7;emotions;2;False;meka.classifiers.multilabel.CDT -H 0 -X I -I 783 -Ic 44;weka.classifiers.trees.RandomTree -- -M 3 -K 17 -depth 0 -N 4;0.462;0.462;0.757;0.176;0.538;0.243;0.824;0.618;0.357;0.222;0.731;0.446;0.637;0.605;0.618;0.6;0.603;0.611;0.6;0.592;0.763;0.63;1.696;2.326;['0.784', '0.688', '0.698', '0.854', '0.734', '0.784'];['0.689', '0.547', '0.700', '0.786', '0.611', '0.749'];['0.647', '0.434', '0.630', '0.708', '0.529', '0.652'];['0.569', '0.418', '0.773', '0.694', '0.482', '0.683'];['0.291', '0.276', '0.442', '0.246', '0.281', '0.317'];['0.256', '0.266', '0.543', '0.241', '0.256', '0.332'];['0.035', '0.010', '-0.101', '0.005', '0.025', '-0.015'];50029
8;emotions;0;False;meka.classifiers.multilabel.PSt -P 1 -N 4;weka.classifiers.rules.JRip -- -N 1.0 -E -P -O 2;0.447;0.447;0.728;0.214;0.553;0.272;0.786;0.568;0.453;0.321;0.58;0.487;1.428;0.584;0.542;0.582;0.537;0.562;0.557;0.473;0.674;1.705;0.03;1.735;['0.719', '0.625', '0.667', '0.839', '0.802', '0.719'];['0.584', '0.450', '0.659', '0.762', '0.709', '0.671'];['0.542', '0.346', '0.643', '0.702', '0.688', '0.569'];['0.448', '0.321', '0.614', '0.660', '0.589', '0.587'];['0.302', '0.292', '0.458', '0.260', '0.292', '0.328'];['0.250', '0.271', '0.438', '0.245', '0.250', '0.339'];['0.052', '0.021', '0.021', '0.016', '0.042', '-0.010'];64681
9;emotions;1;False;meka.classifiers.multilabel.RAkEL -N 1 -P 4 -k 2 -M 12;weka.classifiers.functions.Logistic -- -R 1e-08;0.459;0.459;0.737;0.173;0.541;0.263;0.827;0.608;0.46;0.275;0.645;0.316;0.937;0.559;0.628;0.556;0.627;0.592;0.584;0.541;0.746;7.225;0.076;7.301;['0.723', '0.658', '0.757', '0.797', '0.757', '0.728'];['0.601', '0.604', '0.736', '0.756', '0.770', '0.682'];['0.509', '0.403', '0.753', '0.567', '0.542', '0.559'];['0.474', '0.527', '0.659', '0.694', '0.804', '0.603'];['0.282', '0.272', '0.436', '0.243', '0.277', '0.312'];['0.262', '0.356', '0.381', '0.297', '0.411', '0.337'];['0.020', '-0.084', '0.054', '-0.054', '-0.134', '-0.025'];236445
10;emotions;1;False;meka.classifiers.multilabel.PSt -P 1 -N 4;weka.classifiers.rules.JRip -- -N 1.0 -E -P -O 2;0.376;0.376;0.686;0.173;0.624;0.314;0.827;0.497;0.53;0.356;0.518;0.56;1.657;0.484;0.484;0.487;0.473;0.484;0.477;0.401;0.622;1.79;0.053;1.843;['0.693', '0.559', '0.649', '0.827', '0.733', '0.658'];['0.589', '0.420', '0.647', '0.727', '0.540', '0.537'];['0.458', '0.250', '0.589', '0.652', '0.524', '0.448'];['0.474', '0.309', '0.636', '0.612', '0.393', '0.413'];['0.282', '0.272', '0.436', '0.243', '0.277', '0.312'];['0.292', '0.337', '0.470', '0.228', '0.208', '0.287'];['-0.010', '-0.064', '-0.035', '0.015', '0.069', '0.025'];72641
11;emotions;2;False;meka.classifiers.multilabel.PSt -P 1 -N 4;weka.classifiers.rules.JRip -- -N 1.0 -E -P -O 2;0.49;0.49;0.745;0.261;0.51;0.255;0.739;0.628;0.417;0.278;0.606;0.458;1.29;0.585;0.599;0.574;0.582;0.592;0.576;0.47;0.687;2.354;0.048;2.402;['0.709', '0.714', '0.698', '0.829', '0.729', '0.789'];['0.624', '0.555', '0.701', '0.752', '0.583', '0.759'];['0.500', '0.479', '0.632', '0.653', '0.521', '0.657'];['0.517', '0.418', '0.761', '0.653', '0.446', '0.698'];['0.291', '0.276', '0.442', '0.246', '0.281', '0.317'];['0.302', '0.241', '0.533', '0.246', '0.241', '0.337'];['-0.010', '0.035', '-0.090', '0.000', '0.040', '-0.020'];69749
12;emotions;2;False;meka.classifiers.multilabel.RAkEL -N 1 -P 4 -k 2 -M 12;weka.classifiers.functions.Logistic -- -R 1e-08;0.491;0.491;0.755;0.211;0.509;0.245;0.789;0.634;0.422;0.247;0.685;0.281;0.829;0.597;0.64;0.601;0.642;0.618;0.61;0.582;0.77;6.559;0.088;6.647;['0.779', '0.653', '0.744', '0.794', '0.774', '0.789'];['0.615', '0.582', '0.730', '0.823', '0.739', '0.738'];['0.675', '0.397', '0.728', '0.550', '0.585', '0.672'];['0.466', '0.491', '0.670', '0.898', '0.679', '0.651'];['0.291', '0.276', '0.442', '0.246', '0.281', '0.317'];['0.201', '0.342', '0.407', '0.402', '0.327', '0.307'];['0.090', '-0.065', '0.035', '-0.156', '-0.045', '0.010'];237661
13;emotions;0;False;meka.classifiers.multilabel.BCC -X Ibf;"weka.classifiers.functions.SMO -- -C 0.8999999999999999 -N 1 -M -K ""weka.classifiers.functions.supportVector.NormalizedPolyKernel -E 3.5000000000000013""";0.132;0.132;0.706;0.047;0.868;0.294;0.953;0.162;0.578;0.442;0.415;0.527;1.547;0.776;0.121;0.722;0.13;0.21;0.208;0.388;0.557;1.522;0.104;1.626;['0.760', '0.703', '0.552', '0.797', '0.714', '0.708'];['0.449', '0.069', '0.066', '0.387', '0.069', '0.250'];['0.773', '0.400', '0.750', '0.923', '0.667', '0.818'];['0.293', '0.036', '0.034', '0.240', '0.036', '0.143'];['0.302', '0.292', '0.458', '0.260', '0.292', '0.328'];['0.115', '0.026', '0.021', '0.068', '0.016', '0.057'];['0.188', '0.266', '0.438', '0.193', '0.276', '0.271'];1780089
14;emotions;1;False;meka.classifiers.multilabel.BCC -X Ibf;"weka.classifiers.functions.SMO -- -C 0.8999999999999999 -N 1 -M -K ""weka.classifiers.functions.supportVector.NormalizedPolyKernel -E 3.5000000000000013""";0.099;0.099;0.71;0.025;0.901;0.29;0.975;0.131;0.649;0.435;0.367;0.519;1.537;0.627;0.114;0.565;0.112;0.193;0.182;0.342;0.541;1.565;0.076;1.641;['0.752', '0.718', '0.604', '0.743', '0.733', '0.713'];['0.368', '0.036', '0.204', '0.115', '0.164', '0.273'];['0.684', '0.250', '0.833', '0.333', '0.625', '0.667'];['0.228', '0.018', '0.114', '0.061', '0.089', '0.159'];['0.282', '0.272', '0.436', '0.243', '0.277', '0.312'];['0.094', '0.020', '0.059', '0.045', '0.040', '0.074'];['0.188', '0.252', '0.376', '0.198', '0.238', '0.238'];1738709
15;emotions;2;False;meka.classifiers.multilabel.BCC -X Ibf;"weka.classifiers.functions.SMO -- -C 0.8999999999999999 -N 1 -M -K ""weka.classifiers.functions.supportVector.NormalizedPolyKernel -E 3.5000000000000013""";0.267;0.267;0.683;0.085;0.733;0.317;0.915;0.348;0.518;0.433;0.474;0.569;1.68;0.479;0.314;0.458;0.251;0.38;0.239;0.345;0.536;1.648;0.123;1.771;['0.688', '0.678', '0.518', '0.759', '0.779', '0.673'];['0.158', '0.250', '0.238', '0.078', '0.376', '0.000'];['0.357', '0.320', '0.478', '0.667', '0.929', '0.000'];['0.086', '0.145', '1.000', '0.041', '0.232', '0.000'];['0.291', '0.276', '0.442', '0.246', '0.281', '0.317'];['0.070', '0.126', '0.925', '0.015', '0.070', '0.010'];['0.221', '0.151', '-0.482', '0.231', '0.211', '0.307'];1751123
16;emotions;0;False;meka.classifiers.multilabel.BRq -P 0.4;weka.classifiers.trees.J48 -- -M 50 -B -A -U;0.45;0.45;0.64;0.068;0.55;0.36;0.932;0.636;0.531;0.283;0.484;0.645;1.894;0.467;0.836;0.481;0.819;0.599;0.599;0.448;0.672;0.654;0.011;0.665;['0.630', '0.500', '0.458', '0.786', '0.724', '0.740'];['0.655', '0.522', '0.000', '0.807', '0.671', '0.761'];['0.443', '0.333', '0.458', '0.558', '0.524', '0.567'];['0.879', '0.714', '1.000', '0.860', '0.589', '0.873'];['0.302', '0.292', '0.458', '0.260', '0.292', '0.328'];['0.599', '0.625', '1.000', '0.401', '0.328', '0.505'];['-0.297', '-0.333', '-0.542', '-0.141', '-0.036', '-0.177'];29695
17;emotions;1;False;meka.classifiers.multilabel.BRq -P 0.4;weka.classifiers.trees.J48 -- -M 50 -B -A -U;0.37;0.37;0.531;0.0;0.63;0.469;1.0;0.497;0.624;0.404;0.391;0.84;2.488;0.383;0.894;0.414;0.882;0.537;0.549;0.391;0.618;0.734;0.017;0.751;['0.698', '0.272', '0.436', '0.792', '0.678', '0.312'];['0.723', '0.000', '0.000', '0.817', '0.653', '0.000'];['0.479', '0.272', '0.436', '0.544', '0.442', '0.312'];['0.807', '1.000', '1.000', '0.878', '0.607', '1.000'];['0.282', '0.272', '0.436', '0.243', '0.277', '0.312'];['0.475', '1.000', '1.000', '0.391', '0.381', '1.000'];['-0.193', '-0.728', '-0.564', '-0.149', '-0.104', '-0.688'];29339
18;emotions;2;False;meka.classifiers.multilabel.BRq -P 0.4;weka.classifiers.trees.J48 -- -M 50 -B -A -U;0.354;0.354;0.458;0.0;0.646;0.542;1.0;0.343;0.648;0.458;0.363;0.971;2.868;0.358;0.954;0.389;0.949;0.521;0.538;0.378;0.585;0.783;0.008;0.791;['0.598', '0.276', '0.442', '0.834', '0.281', '0.317'];['0.626', '0.000', '0.000', '0.854', '0.000', '0.000'];['0.404', '0.276', '0.442', '0.611', '0.281', '0.317'];['0.793', '1.000', '1.000', '0.898', '1.000', '1.000'];['0.291', '0.276', '0.442', '0.246', '0.281', '0.317'];['0.573', '1.000', '1.000', '0.362', '1.000', '1.000'];['-0.281', '-0.724', '-0.558', '-0.116', '-0.719', '-0.683'];28627
19;emotions;0;False;meka.classifiers.multilabel.PSt -P 5 -N 1;weka.classifiers.functions.MultilayerPerceptron -- -L 0.3 -M 0.2 -H 6 -B;0.441;0.441;0.72;0.208;0.559;0.28;0.792;0.567;0.406;0.258;0.715;0.505;0.952;0.568;0.539;0.575;0.524;0.553;0.544;0.602;0.751;4.668;0.047;4.715;['0.708', '0.646', '0.677', '0.839', '0.750', '0.698'];['0.615', '0.565', '0.678', '0.701', '0.618', '0.553'];['0.518', '0.406', '0.627', '0.757', '0.587', '0.553'];['0.500', '0.464', '0.727', '0.560', '0.482', '0.413'];['0.302', '0.292', '0.458', '0.260', '0.292', '0.328'];['0.292', '0.333', '0.531', '0.193', '0.240', '0.245'];['0.010', '-0.042', '-0.073', '0.068', '0.052', '0.083'];59295
20;emotions;0;False;meka.classifiers.multilabel.CDN -Ic 46 -I 222;weka.classifiers.trees.RandomForest -- -I 253 -K 0 -depth 16;0.564;0.564;0.793;0.297;0.436;0.207;0.703;0.709;0.24;0.153;0.807;0.418;0.434;0.675;0.693;0.673;0.676;0.684;0.668;0.737;0.842;6.369;24.382;30.751;['0.766', '0.734', '0.734', '0.896', '0.792', '0.839'];['0.718', '0.542', '0.725', '0.851', '0.682', '0.835'];['0.607', '0.564', '0.661', '0.813', '0.674', '0.722'];['0.638', '0.393', '0.864', '0.780', '0.554', '0.825'];['0.302', '0.292', '0.458', '0.260', '0.292', '0.328'];['0.318', '0.203', '0.599', '0.250', '0.240', '0.375'];['-0.016', '0.089', '-0.141', '0.010', '0.052', '-0.047'];6996287
21;emotions;1;False;meka.classifiers.multilabel.PSt -P 5 -N 1;weka.classifiers.functions.MultilayerPerceptron -- -L 0.3 -M 0.2 -H 6 -B;0.488;0.488;0.755;0.233;0.512;0.245;0.767;0.617;0.401;0.231;0.726;0.446;0.705;0.593;0.614;0.586;0.617;0.603;0.596;0.602;0.769;5.16;0.043;5.203;['0.718', '0.733', '0.698', '0.861', '0.743', '0.777'];['0.599', '0.561', '0.668', '0.837', '0.705', '0.782'];['0.500', '0.511', '0.680', '0.684', '0.529', '0.610'];['0.474', '0.418', '0.580', '0.796', '0.643', '0.794'];['0.282', '0.272', '0.436', '0.243', '0.277', '0.312'];['0.267', '0.223', '0.371', '0.282', '0.337', '0.406'];['0.015', '0.050', '0.064', '-0.040', '-0.059', '-0.094'];58359
22;emotions;0;False;meka.classifiers.multilabel.PMCC -Iy 82 -Is 311 -B 0.25 -O 0 -M 27 -P 'Harmonic score';weka.classifiers.functions.SimpleLogistic -- -W 0.2 -A;;;;;;;;;;;;;;;;;;;;;;;;;;;;;;;;
23;emotions;0;True;meka.classifiers.multilabel.BRq -P 0.25;weka.classifiers.functions.MultilayerPerceptron -- -L 0.9 -M 0.8 -H 39 -R -D;0.322;0.322;0.322;0.0;0.678;0.678;1.0;0.0;0.698;0.483;0.322;1.215;3.564;0.322;1.0;0.322;1.0;0.487;0.484;0.322;0.5;48.96;0.103;49.063;['0.302', '0.292', '0.458', '0.260', '0.292', '0.328'];['0.000', '0.000', '0.000', '0.000', '0.000', '0.000'];['0.302', '0.292', '0.458', '0.260', '0.292', '0.328'];['1.000', '1.000', '1.000', '1.000', '1.000', '1.000'];['0.302', '0.292', '0.458', '0.260', '0.292', '0.328'];['1.000', '1.000', '1.000', '1.000', '1.000', '1.000'];['-0.698', '-0.708', '-0.542', '-0.740', '-0.708', '-0.672'];921280
24;emotions;2;False;meka.classifiers.multilabel.PSt -P 5 -N 1;weka.classifiers.functions.MultilayerPerceptron -- -L 0.3 -M 0.2 -H 6 -B;0.525;0.525;0.776;0.302;0.475;0.224;0.698;0.652;0.327;0.194;0.767;0.41;0.564;0.637;0.642;0.624;0.634;0.64;0.624;0.642;0.797;6.348;0.044;6.392;['0.764', '0.698', '0.734', '0.869', '0.779', '0.814'];['0.669', '0.488', '0.736', '0.879', '0.697', '0.744'];['0.604', '0.442', '0.670', '0.677', '0.611', '0.741'];['0.552', '0.345', '0.784', '0.898', '0.589', '0.635'];['0.291', '0.276', '0.442', '0.246', '0.281', '0.317'];['0.266', '0.216', '0.518', '0.327', '0.271', '0.271'];['0.025', '0.060', '-0.075', '-0.080', '0.010', '0.045'];60237
25;emotions;0;False;meka.classifiers.multilabel.MCC -Iy 68 -Is 353 -P 'ZeroOne loss';weka.classifiers.trees.RandomTree -- -M 37 -K 0 -depth 16 -N 0;0.402;0.402;0.734;0.161;0.598;0.266;0.839;0.527;0.443;0.312;0.555;0.477;1.401;0.609;0.482;0.609;0.451;0.538;0.498;0.444;0.646;12.612;0.1;12.712;['0.760', '0.703', '0.682', '0.802', '0.734', '0.719'];['0.636', '0.431', '0.673', '0.580', '0.350', '0.607'];['0.630', '0.485', '0.617', '0.700', '0.632', '0.588'];['0.500', '0.286', '0.807', '0.420', '0.214', '0.476'];['0.302', '0.292', '0.458', '0.260', '0.292', '0.328'];['0.240', '0.172', '0.599', '0.156', '0.099', '0.266'];['0.062', '0.120', '-0.141', '0.104', '0.193', '0.063'];34713
26;emotions;1;False;meka.classifiers.multilabel.MCC -Iy 68 -Is 353 -P 'ZeroOne loss';weka.classifiers.trees.RandomTree -- -M 37 -K 0 -depth 16 -N 0;0.431;0.431;0.753;0.183;0.569;0.247;0.817;0.559;0.446;0.278;0.55;0.442;1.31;0.601;0.557;0.609;0.542;0.578;0.562;0.467;0.689;12.661;0.072;12.733;['0.777', '0.649', '0.757', '0.837', '0.757', '0.743'];['0.690', '0.616', '0.757', '0.719', '0.477', '0.590'];['0.611', '0.397', '0.710', '0.690', '0.621', '0.622'];['0.579', '0.564', '0.750', '0.592', '0.321', '0.444'];['0.282', '0.272', '0.436', '0.243', '0.277', '0.312'];['0.267', '0.386', '0.460', '0.208', '0.144', '0.223'];['0.015', '-0.114', '-0.025', '0.035', '0.134', '0.089'];34989
27;emotions;1;False;meka.classifiers.multilabel.CDN -Ic 46 -I 222;weka.classifiers.trees.RandomForest -- -I 253 -K 0 -depth 16;0.552;0.552;0.799;0.307;0.448;0.201;0.693;0.676;0.317;0.171;0.777;0.415;0.425;0.661;0.693;0.654;0.672;0.676;0.657;0.7;0.84;6.146;32.506;38.652;['0.802', '0.723', '0.787', '0.901', '0.802', '0.777'];['0.749', '0.527', '0.785', '0.860', '0.673', '0.763'];['0.644', '0.488', '0.692', '0.796', '0.682', '0.622'];['0.667', '0.382', '0.920', '0.796', '0.536', '0.730'];['0.282', '0.272', '0.436', '0.243', '0.277', '0.312'];['0.292', '0.213', '0.579', '0.243', '0.218', '0.366'];['-0.010', '0.059', '-0.144', '0.000', '0.059', '-0.054'];6943645
28;emotions;1;True;meka.classifiers.multilabel.BRq -P 0.25;weka.classifiers.functions.MultilayerPerceptron -- -L 0.9 -M 0.8 -H 39 -R -D;0.304;0.304;0.304;0.0;0.696;0.696;1.0;0.0;0.718;0.474;0.304;1.248;3.697;0.304;1.0;0.304;1.0;0.466;0.463;0.304;0.5;42.57;0.122;42.692;['0.282', '0.272', '0.436', '0.243', '0.277', '0.312'];['0.000', '0.000', '0.000', '0.000', '0.000', '0.000'];['0.282', '0.272', '0.436', '0.243', '0.277', '0.312'];['1.000', '1.000', '1.000', '1.000', '1.000', '1.000'];['0.282', '0.272', '0.436', '0.243', '0.277', '0.312'];['1.000', '1.000', '1.000', '1.000', '1.000', '1.000'];['-0.718', '-0.728', '-0.564', '-0.757', '-0.723', '-0.688'];921280
29;emotions;2;False;meka.classifiers.multilabel.MCC -Iy 68 -Is 353 -P 'ZeroOne loss';weka.classifiers.trees.RandomTree -- -M 37 -K 0 -depth 16 -N 0;0.502;0.502;0.784;0.256;0.498;0.216;0.744;0.611;0.402;0.26;0.615;0.387;1.144;0.669;0.596;0.671;0.57;0.63;0.605;0.52;0.717;12.922;0.089;13.011;['0.779', '0.668', '0.819', '0.874', '0.764', '0.799'];['0.524', '0.497', '0.822', '0.734', '0.690', '0.744'];['0.750', '0.392', '0.760', '0.853', '0.579', '0.695'];['0.362', '0.364', '0.864', '0.592', '0.589', '0.651'];['0.291', '0.276', '0.442', '0.246', '0.281', '0.317'];['0.141', '0.256', '0.503', '0.171', '0.286', '0.296'];['0.151', '0.020', '-0.060', '0.075', '-0.005', '0.020'];35077
30;emotions;0;False;meka.classifiers.multilabel.LC;weka.classifiers.lazy.KStar -- -B 36 -E -M n;0.426;0.426;0.7;0.214;0.574;0.3;0.786;0.538;0.5;0.346;0.57;0.538;1.579;0.535;0.509;0.523;0.492;0.522;0.499;0.428;0.64;0.528;4.085;4.613;['0.672', '0.625', '0.714', '0.797', '0.682', '0.708'];['0.566', '0.466', '0.700', '0.628', '0.427', '0.720'];['0.456', '0.352', '0.709', '0.649', '0.432', '0.539'];['0.448', '0.339', '0.636', '0.480', '0.286', '0.762'];['0.302', '0.292', '0.458', '0.260', '0.292', '0.328'];['0.297', '0.281', '0.411', '0.193', '0.193', '0.464'];['0.005', '0.010', '0.047', '0.068', '0.099', '-0.135'];816925
31;emotions;1;False;meka.classifiers.multilabel.LC;weka.classifiers.lazy.KStar -- -B 36 -E -M n;0.392;0.392;0.674;0.193;0.608;0.326;0.807;0.506;0.584;0.364;0.533;0.584;1.73;0.466;0.497;0.465;0.485;0.481;0.462;0.384;0.617;0.631;4.361;4.992;['0.629', '0.663', '0.668', '0.792', '0.649', '0.644'];['0.612', '0.427', '0.636', '0.582', '0.437', '0.665'];['0.393', '0.356', '0.640', '0.600', '0.347', '0.457'];['0.579', '0.291', '0.545', '0.429', '0.304', '0.762'];['0.282', '0.272', '0.436', '0.243', '0.277', '0.312'];['0.416', '0.223', '0.371', '0.173', '0.243', '0.520'];['-0.134', '0.050', '0.064', '0.069', '0.035', '-0.208'];838074
32;emotions;1;False;meka.classifiers.multilabel.PMCC -Iy 82 -Is 311 -B 0.25 -O 0 -M 27 -P 'Harmonic score';weka.classifiers.functions.SimpleLogistic -- -W 0.2 -A;;;;;;;;;;;;;;;;;;;;;;;;;;;;;;;;
33;emotions;2;False;meka.classifiers.multilabel.LC;weka.classifiers.lazy.KStar -- -B 36 -E -M n;0.389;0.389;0.673;0.196;0.611;0.327;0.804;0.504;0.558;0.394;0.528;0.585;1.729;0.473;0.507;0.487;0.499;0.49;0.476;0.398;0.622;0.678;4.986;5.664;['0.593', '0.668', '0.668', '0.794', '0.744', '0.573'];['0.585', '0.346', '0.632', '0.662', '0.559', '0.594'];['0.371', '0.343', '0.653', '0.591', '0.561', '0.404'];['0.569', '0.218', '0.534', '0.531', '0.411', '0.730'];['0.291', '0.276', '0.442', '0.246', '0.281', '0.317'];['0.447', '0.176', '0.362', '0.221', '0.206', '0.573'];['-0.156', '0.101', '0.080', '0.025', '0.075', '-0.256'];831600
34;emotions;2;False;meka.classifiers.multilabel.CDN -Ic 46 -I 222;weka.classifiers.trees.RandomForest -- -I 253 -K 0 -depth 16;0.616;0.616;0.829;0.357;0.384;0.171;0.643;0.747;0.241;0.123;0.827;0.378;0.387;0.71;0.756;0.704;0.738;0.732;0.711;0.767;0.876;6.353;26.865;33.218;['0.814', '0.739', '0.794', '0.910', '0.879', '0.839'];['0.768', '0.479', '0.787', '0.898', '0.822', '0.844'];['0.678', '0.545', '0.697', '0.782', '0.820', '0.701'];['0.690', '0.327', '0.943', '0.878', '0.732', '0.857'];['0.291', '0.276', '0.442', '0.246', '0.281', '0.317'];['0.296', '0.166', '0.598', '0.276', '0.251', '0.387'];['-0.005', '0.111', '-0.156', '-0.030', '0.030', '-0.070'];7226088
35;emotions;2;True;meka.classifiers.multilabel.BRq -P 0.25;weka.classifiers.functions.MultilayerPerceptron -- -L 0.9 -M 0.8 -H 39 -R -D;0.309;0.309;0.309;0.0;0.691;0.691;1.0;0.0;0.709;0.481;0.309;1.238;3.657;0.309;1.0;0.309;1.0;0.472;0.469;0.309;0.5;39.069;0.117;39.186;['0.291', '0.276', '0.442', '0.246', '0.281', '0.317'];['0.000', '0.000', '0.000', '0.000', '0.000', '0.000'];['0.291', '0.276', '0.442', '0.246', '0.281', '0.317'];['1.000', '1.000', '1.000', '1.000', '1.000', '1.000'];['0.291', '0.276', '0.442', '0.246', '0.281', '0.317'];['1.000', '1.000', '1.000', '1.000', '1.000', '1.000'];['-0.709', '-0.724', '-0.558', '-0.754', '-0.719', '-0.683'];921280
36;emotions;0;False;meka.classifiers.multilabel.RAkELd -P 3 -N 5 -batch-size 10;weka.classifiers.rules.PART -- -M 3 -B;0.379;0.379;0.696;0.167;0.621;0.304;0.833;0.494;0.448;0.327;0.529;0.544;1.597;0.531;0.488;0.518;0.487;0.508;0.499;0.428;0.64;1.685;0.021;1.706;['0.740', '0.646', '0.630', '0.797', '0.682', '0.682'];['0.679', '0.340', '0.602', '0.709', '0.622', '0.592'];['0.567', '0.333', '0.616', '0.612', '0.462', '0.517'];['0.586', '0.214', '0.511', '0.600', '0.536', '0.476'];['0.302', '0.292', '0.458', '0.260', '0.292', '0.328'];['0.313', '0.188', '0.380', '0.255', '0.339', '0.302'];['-0.010', '0.104', '0.078', '0.005', '-0.047', '0.026'];200844
37;emotions;1;False;meka.classifiers.multilabel.RAkELd -P 3 -N 5 -batch-size 10;weka.classifiers.rules.PART -- -M 3 -B;0.447;0.447;0.744;0.223;0.553;0.256;0.777;0.563;0.446;0.292;0.566;0.458;1.358;0.58;0.573;0.579;0.572;0.577;0.574;0.47;0.694;1.672;0.032;1.704;['0.728', '0.668', '0.728', '0.876', '0.738', '0.728'];['0.637', '0.589', '0.708', '0.827', '0.611', '0.649'];['0.517', '0.409', '0.709', '0.740', '0.529', '0.567'];['0.526', '0.491', '0.636', '0.755', '0.482', '0.540'];['0.282', '0.272', '0.436', '0.243', '0.277', '0.312'];['0.287', '0.327', '0.391', '0.248', '0.252', '0.297'];['-0.005', '-0.054', '0.045', '-0.005', '0.025', '0.015'];162871
38;emotions;0;True;meka.classifiers.multilabel.CDN -Ic 93 -I 373;weka.classifiers.functions.MultilayerPerceptron -- -L 0.1 -M 0.1 -H 6 -R -D;0.498;0.498;0.76;0.271;0.502;0.24;0.729;0.615;0.349;0.21;0.75;0.48;0.485;0.634;0.606;0.669;0.598;0.62;0.581;0.658;0.798;22.825;4.414;27.239;['0.792', '0.734', '0.719', '0.849', '0.682', '0.786'];['0.723', '0.193', '0.716', '0.824', '0.656', '0.784'];['0.667', '0.857', '0.693', '0.684', '0.466', '0.645'];['0.621', '0.107', '0.693', '0.780', '0.607', '0.778'];['0.302', '0.292', '0.458', '0.260', '0.292', '0.328'];['0.281', '0.036', '0.458', '0.297', '0.380', '0.396'];['0.021', '0.255', '0.000', '-0.036', '-0.089', '-0.068'];586684
39;emotions;2;False;meka.classifiers.multilabel.RAkELd -P 3 -N 5 -batch-size 10;weka.classifiers.rules.PART -- -M 3 -B;0.473;0.473;0.75;0.226;0.527;0.25;0.774;0.6;0.397;0.295;0.587;0.447;1.321;0.598;0.588;0.593;0.577;0.593;0.583;0.478;0.698;1.959;0.039;1.998;['0.729', '0.673', '0.729', '0.854', '0.764', '0.754'];['0.633', '0.568', '0.730', '0.786', '0.634', '0.671'];['0.536', '0.417', '0.677', '0.708', '0.596', '0.625'];['0.517', '0.455', '0.739', '0.694', '0.500', '0.556'];['0.291', '0.276', '0.442', '0.246', '0.281', '0.317'];['0.281', '0.302', '0.482', '0.241', '0.236', '0.281'];['0.010', '-0.025', '-0.040', '0.005', '0.045', '0.035'];200977
40;emotions;0;False;meka.classifiers.multilabel.RAkELd -P 1 -N 3 -batch-size 10;weka.classifiers.rules.DecisionTable -- -E acc -I -S BestFirst -X 2;0.377;0.377;0.744;0.203;0.623;0.256;0.797;0.452;0.458;0.331;0.548;0.459;1.346;0.647;0.45;0.678;0.44;0.531;0.5;0.464;0.659;3.65;0.059;3.709;['0.724', '0.740', '0.672', '0.818', '0.766', '0.745'];['0.513', '0.222', '0.646', '0.718', '0.534', '0.700'];['0.568', '0.875', '0.671', '0.667', '0.677', '0.609'];['0.362', '0.125', '0.557', '0.600', '0.375', '0.619'];['0.302', '0.292', '0.458', '0.260', '0.292', '0.328'];['0.193', '0.042', '0.380', '0.234', '0.161', '0.333'];['0.109', '0.250', '0.078', '0.026', '0.130', '-0.005'];115630
41;emotions;1;False;meka.classifiers.multilabel.RAkELd -P 1 -N 3 -batch-size 10;weka.classifiers.rules.DecisionTable -- -E acc -I -S BestFirst -X 2;0.402;0.402;0.744;0.158;0.598;0.256;0.842;0.529;0.455;0.298;0.535;0.458;1.358;0.589;0.522;0.576;0.504;0.553;0.522;0.45;0.67;2.919;0.015;2.934;['0.757', '0.658', '0.683', '0.837', '0.743', '0.787'];['0.586', '0.407', '0.685', '0.787', '0.349', '0.751'];['0.595', '0.341', '0.620', '0.648', '0.600', '0.652'];['0.439', '0.273', '0.705', '0.714', '0.214', '0.683'];['0.282', '0.272', '0.436', '0.243', '0.277', '0.312'];['0.208', '0.218', '0.495', '0.267', '0.099', '0.327'];['0.074', '0.054', '-0.059', '-0.025', '0.178', '-0.015'];106232
42;emotions;2;False;meka.classifiers.multilabel.RAkELd -P 1 -N 3 -batch-size 10;weka.classifiers.rules.DecisionTable -- -E acc -I -S BestFirst -X 2;0.504;0.504;0.758;0.201;0.496;0.242;0.799;0.665;0.417;0.259;0.589;0.434;1.281;0.594;0.683;0.582;0.672;0.636;0.615;0.498;0.729;3.145;0.06;3.205;['0.704', '0.709', '0.724', '0.809', '0.799', '0.804'];['0.474', '0.658', '0.721', '0.830', '0.726', '0.797'];['0.487', '0.478', '0.643', '0.573', '0.648', '0.662'];['0.328', '0.582', '0.841', '0.878', '0.625', '0.778'];['0.291', '0.276', '0.442', '0.246', '0.281', '0.317'];['0.196', '0.337', '0.578', '0.377', '0.271', '0.372'];['0.095', '-0.060', '-0.136', '-0.131', '0.010', '-0.055'];135789
43;emotions;0;False;meka.classifiers.multilabel.PSt -P 5 -N 1;weka.classifiers.functions.SimpleLogistic -- -W 0.30000000000000004 -S;0.496;0.496;0.753;0.25;0.504;0.247;0.75;0.621;0.344;0.195;0.769;0.448;0.569;0.622;0.59;0.631;0.583;0.606;0.603;0.638;0.786;2.701;0.038;2.739;['0.745', '0.682', '0.714', '0.854', '0.792', '0.729'];['0.672', '0.613', '0.708', '0.734', '0.682', '0.677'];['0.579', '0.460', '0.694', '0.789', '0.674', '0.587'];['0.569', '0.518', '0.670', '0.600', '0.554', '0.587'];['0.302', '0.292', '0.458', '0.260', '0.292', '0.328'];['0.297', '0.328', '0.443', '0.198', '0.240', '0.328'];['0.005', '-0.036', '0.016', '0.063', '0.052', '0.000'];45753
44;emotions;1;False;meka.classifiers.multilabel.PSt -P 5 -N 1;weka.classifiers.functions.SimpleLogistic -- -W 0.30000000000000004 -S;0.469;0.469;0.742;0.203;0.531;0.258;0.797;0.609;0.371;0.222;0.74;0.463;0.601;0.572;0.592;0.561;0.581;0.582;0.57;0.593;0.77;2.97;0.022;2.992;['0.748', '0.708', '0.713', '0.822', '0.703', '0.757'];['0.695', '0.523', '0.712', '0.748', '0.610', '0.713'];['0.547', '0.457', '0.660', '0.627', '0.467', '0.606'];['0.614', '0.382', '0.705', '0.653', '0.500', '0.635'];['0.282', '0.272', '0.436', '0.243', '0.277', '0.312'];['0.317', '0.228', '0.465', '0.252', '0.297', '0.327'];['-0.035', '0.045', '-0.030', '-0.010', '-0.020', '-0.015'];43849
45;emotions;2;False;meka.classifiers.multilabel.PMCC -Iy 82 -Is 311 -B 0.25 -O 0 -M 27 -P 'Harmonic score';weka.classifiers.functions.SimpleLogistic -- -W 0.2 -A;;;;;;;;;;;;;;;;;;;;;;;;;;;;;;;;
46;emotions;2;False;meka.classifiers.multilabel.PSt -P 5 -N 1;weka.classifiers.functions.SimpleLogistic -- -W 0.30000000000000004 -S;0.521;0.521;0.78;0.236;0.479;0.22;0.764;0.667;0.291;0.164;0.79;0.423;0.509;0.642;0.648;0.624;0.635;0.645;0.623;0.65;0.804;4.124;0.088;4.212;['0.764', '0.698', '0.724', '0.899', '0.789', '0.804'];['0.699', '0.372', '0.726', '0.876', '0.691', '0.797'];['0.593', '0.419', '0.657', '0.774', '0.640', '0.662'];['0.603', '0.236', '0.784', '0.837', '0.571', '0.778'];['0.291', '0.276', '0.442', '0.246', '0.281', '0.317'];['0.296', '0.156', '0.528', '0.266', '0.251', '0.372'];['-0.005', '0.121', '-0.085', '-0.020', '0.030', '-0.055'];47663
47;emotions;0;False;meka.classifiers.multilabel.CT -X None -Iy 54 -Is 0 -P 'Avg precision' -H 1;weka.classifiers.trees.REPTree -- -M 21 -L -1 -P;0.42;0.42;0.745;0.167;0.58;0.255;0.833;0.539;0.422;0.314;0.562;0.457;1.342;0.624;0.523;0.617;0.518;0.569;0.558;0.477;0.683;1.749;0.35;2.099;['0.719', '0.714', '0.708', '0.818', '0.766', '0.745'];['0.479', '0.637', '0.693', '0.752', '0.649', '0.593'];['0.559', '0.508', '0.705', '0.647', '0.617', '0.667'];['0.328', '0.536', '0.625', '0.660', '0.518', '0.444'];['0.302', '0.292', '0.458', '0.260', '0.292', '0.328'];['0.177', '0.307', '0.406', '0.266', '0.245', '0.219'];['0.125', '-0.016', '0.052', '-0.005', '0.047', '0.109'];36449
48;emotions;0;False;meka.classifiers.multilabel.RT;weka.classifiers.trees.RandomTree -- -M 20 -K 0 -depth 6 -N 2;0.438;0.438;0.713;0.224;0.562;0.287;0.776;0.559;0.406;0.281;0.692;0.564;0.652;0.557;0.528;0.557;0.509;0.542;0.527;0.493;0.695;1.006;0.021;1.027;['0.734', '0.635', '0.630', '0.818', '0.703', '0.755'];['0.602', '0.436', '0.630', '0.635', '0.575', '0.727'];['0.574', '0.354', '0.581', '0.727', '0.490', '0.618'];['0.466', '0.304', '0.693', '0.480', '0.446', '0.667'];['0.302', '0.292', '0.458', '0.260', '0.292', '0.328'];['0.245', '0.250', '0.547', '0.172', '0.266', '0.354'];['0.057', '0.042', '-0.089', '0.089', '0.026', '-0.026'];13297
49;emotions;1;True;meka.classifiers.multilabel.CDN -Ic 93 -I 373;weka.classifiers.functions.MultilayerPerceptron -- -L 0.1 -M 0.1 -H 6 -R -D;0.468;0.468;0.748;0.223;0.532;0.252;0.777;0.602;0.401;0.218;0.729;0.485;0.492;0.582;0.609;0.57;0.609;0.595;0.56;0.611;0.791;23.427;6.321;29.748;['0.752', '0.718', '0.693', '0.866', '0.757', '0.703'];['0.753', '0.166', '0.656', '0.831', '0.686', '0.730'];['0.544', '0.417', '0.681', '0.704', '0.559', '0.514'];['0.754', '0.091', '0.557', '0.776', '0.589', '0.889'];['0.282', '0.272', '0.436', '0.243', '0.277', '0.312'];['0.391', '0.059', '0.356', '0.267', '0.292', '0.540'];['-0.109', '0.213', '0.079', '-0.025', '-0.015', '-0.228'];578954
50;emotions;1;False;meka.classifiers.multilabel.CT -X None -Iy 54 -Is 0 -P 'Avg precision' -H 1;weka.classifiers.trees.REPTree -- -M 21 -L -1 -P;0.415;0.415;0.746;0.188;0.585;0.254;0.812;0.515;0.485;0.317;0.549;0.455;1.349;0.592;0.524;0.51;0.5;0.556;0.497;0.45;0.665;1.718;0.48;2.198;['0.693', '0.728', '0.658', '0.861', '0.787', '0.748'];['0.640', '0.000', '0.650', '0.778', '0.615', '0.627'];['0.464', '0.000', '0.577', '0.733', '0.667', '0.620'];['0.561', '0.000', '0.807', '0.673', '0.464', '0.492'];['0.282', '0.272', '0.436', '0.243', '0.277', '0.312'];['0.342', '0.000', '0.609', '0.223', '0.193', '0.248'];['-0.059', '0.272', '-0.173', '0.020', '0.084', '0.064'];35917
51;emotions;1;False;meka.classifiers.multilabel.RT;weka.classifiers.trees.RandomTree -- -M 20 -K 0 -depth 6 -N 2;0.438;0.438;0.71;0.208;0.562;0.29;0.792;0.585;0.396;0.278;0.689;0.528;0.63;0.521;0.565;0.5;0.528;0.542;0.49;0.49;0.7;0.949;0.004;0.953;['0.713', '0.649', '0.703', '0.752', '0.733', '0.713'];['0.715', '0.405', '0.690', '0.554', '0.325', '0.709'];['0.494', '0.326', '0.611', '0.488', '0.550', '0.530'];['0.719', '0.273', '0.875', '0.408', '0.196', '0.698'];['0.282', '0.272', '0.436', '0.243', '0.277', '0.312'];['0.411', '0.228', '0.624', '0.203', '0.099', '0.411'];['-0.129', '0.045', '-0.188', '0.040', '0.178', '-0.099'];13499
52;emotions;0;True;meka.classifiers.multilabel.CDT -H 0 -X L -I 518 -Ic 16;weka.classifiers.lazy.KStar -- -B 63 -M n;;;;;;;;;;;;;;;;;;;;;;;;;;;;;;;;
53;emotions;2;False;meka.classifiers.multilabel.CT -X None -Iy 54 -Is 0 -P 'Avg precision' -H 1;weka.classifiers.trees.REPTree -- -M 21 -L -1 -P;0.506;0.506;0.785;0.211;0.494;0.215;0.789;0.66;0.382;0.238;0.597;0.386;1.139;0.647;0.667;0.642;0.636;0.657;0.623;0.522;0.732;1.367;0.223;1.59;['0.749', '0.714', '0.744', '0.849', '0.824', '0.829'];['0.618', '0.437', '0.715', '0.804', '0.669', '0.828'];['0.583', '0.471', '0.639', '0.679', '0.784', '0.693'];['0.483', '0.291', '0.966', '0.735', '0.518', '0.825'];['0.291', '0.276', '0.442', '0.246', '0.281', '0.317'];['0.241', '0.171', '0.668', '0.266', '0.186', '0.377'];['0.050', '0.106', '-0.226', '-0.020', '0.095', '-0.060'];34587
54;emotions;2;False;meka.classifiers.multilabel.RT;weka.classifiers.trees.RandomTree -- -M 20 -K 0 -depth 6 -N 2;0.443;0.443;0.729;0.201;0.557;0.271;0.799;0.575;0.432;0.269;0.677;0.538;0.611;0.561;0.575;0.548;0.551;0.568;0.543;0.513;0.729;0.823;0.021;0.844;['0.734', '0.668', '0.724', '0.779', '0.764', '0.709'];['0.665', '0.464', '0.725', '0.562', '0.646', '0.718'];['0.541', '0.383', '0.670', '0.571', '0.592', '0.528'];['0.569', '0.327', '0.739', '0.408', '0.518', '0.746'];['0.291', '0.276', '0.442', '0.246', '0.281', '0.317'];['0.307', '0.236', '0.487', '0.176', '0.246', '0.447'];['-0.015', '0.040', '-0.045', '0.070', '0.035', '-0.131'];13789
55;emotions;2;True;meka.classifiers.multilabel.CDN -Ic 93 -I 373;weka.classifiers.functions.MultilayerPerceptron -- -L 0.1 -M 0.1 -H 6 -R -D;0.554;0.554;0.803;0.271;0.446;0.197;0.729;0.692;0.291;0.149;0.794;0.437;0.439;0.68;0.686;0.664;0.668;0.683;0.65;0.68;0.834;13.56;3.442;17.002;['0.824', '0.709', '0.744', '0.915', '0.819', '0.809'];['0.747', '0.303', '0.741', '0.909', '0.704', '0.820'];['0.725', '0.435', '0.661', '0.786', '0.727', '0.651'];['0.638', '0.182', '0.864', '0.898', '0.571', '0.857'];['0.291', '0.276', '0.442', '0.246', '0.281', '0.317'];['0.256', '0.116', '0.578', '0.281', '0.221', '0.417'];['0.035', '0.161', '-0.136', '-0.035', '0.060', '-0.101'];581273
56;emotions;0;True;meka.classifiers.multilabel.BPNN -E 736 -H 19 -r 0.032 -m 0.2;;0.364;0.364;0.68;0.125;0.636;0.32;0.875;0.487;0.536;0.317;0.644;0.568;1.226;0.503;0.477;0.663;0.491;0.49;0.434;0.628;0.787;13.501;0.006;13.507;['0.708', '0.719', '0.682', '0.729', '0.469', '0.771'];['0.338', '0.069', '0.606', '0.775', '0.442', '0.530'];['0.545', '1.000', '0.745', '0.490', '0.342', '0.852'];['0.207', '0.036', '0.466', '0.980', '0.893', '0.365'];['0.302', '0.292', '0.458', '0.260', '0.292', '0.328'];['0.115', '0.010', '0.286', '0.521', '0.760', '0.141'];['0.188', '0.281', '0.172', '-0.260', '-0.469', '0.188'];33831
57;emotions;1;True;meka.classifiers.multilabel.BPNN -E 736 -H 19 -r 0.032 -m 0.2;;0.478;0.478;0.752;0.257;0.522;0.248;0.743;0.605;0.396;0.253;0.713;0.468;0.676;0.588;0.609;0.671;0.59;0.598;0.577;0.624;0.795;12.105;0.003;12.108;['0.772', '0.554', '0.767', '0.886', '0.787', '0.743'];['0.688', '0.584', '0.765', '0.738', '0.679', '0.341'];['0.600', '0.345', '0.675', '0.906', '0.633', '0.867'];['0.579', '0.709', '0.898', '0.592', '0.554', '0.206'];['0.282', '0.272', '0.436', '0.243', '0.277', '0.312'];['0.272', '0.559', '0.579', '0.158', '0.243', '0.074'];['0.010', '-0.287', '-0.144', '0.084', '0.035', '0.238'];33831
58;emotions;2;True;meka.classifiers.multilabel.BPNN -E 736 -H 19 -r 0.032 -m 0.2;;0.452;0.452;0.733;0.166;0.548;0.267;0.834;0.602;0.347;0.231;0.744;0.442;0.646;0.567;0.572;0.615;0.573;0.57;0.561;0.672;0.813;12.644;0.003;12.647;['0.648', '0.653', '0.688', '0.844', '0.784', '0.779'];['0.676', '0.508', '0.590', '0.596', '0.654', '0.798'];['0.442', '0.375', '0.750', '0.875', '0.644', '0.604'];['0.793', '0.382', '0.443', '0.429', '0.518', '0.873'];['0.291', '0.276', '0.442', '0.246', '0.281', '0.317'];['0.523', '0.281', '0.261', '0.121', '0.226', '0.457'];['-0.231', '-0.005', '0.181', '0.126', '0.055', '-0.141'];33831
59;emotions;1;True;meka.classifiers.multilabel.CDT -H 0 -X L -I 518 -Ic 16;weka.classifiers.lazy.KStar -- -B 63 -M n;;;;;;;;;;;;;;;;;;;;;;;;;;;;;;;;
60;emotions;2;True;meka.classifiers.multilabel.CDT -H 0 -X L -I 518 -Ic 16;weka.classifiers.lazy.KStar -- -B 63 -M n;;;;;;;;;;;;;;;;;;;;;;;;;;;;;;;;
